,name,country,teams,total_maps,total_rounds,kd_diff,kd,rating
0,ZywOo,France,['Vitality'],854,22399,5248,1.38,1.28
1,s1mple,Ukraine,['Natus Vincere'],1429,37717,8070,1.33,1.25
2,deko,Russia,['1WIN'],190,5096,1250,1.42,1.24
3,saffee,Brazil,['paiN'],202,5383,1211,1.37,1.24
4,sh1ro,Russia,['Gambit'],744,19780,4593,1.43,1.22
5,m0NESY,Russia,['NAVI Junior'],144,3687,709,1.31,1.21
6,Kaze,Malaysia,['ViCi'],784,20459,3900,1.32,1.20
7,degster,Russia,['Spirit'],555,14868,2745,1.31,1.19
8,sterling,New Zealand,['AVANT'],702,18010,3532,1.33,1.19
9,d4v41,Malaysia,['BOOT'],308,8005,1358,1.27,1.18
10,smooya,United Kingdom,['BIG'],737,19476,3163,1.26,1.18
11,cLy,Germany,['3DMAX'],107,2756,461,1.26,1.18
12,w0nderful,Ukraine,['Trasko'],106,2851,495,1.29,1.18
13,fxy0,France,['Epsilon'],186,4859,784,1.25,1.17
14,MisteM,South Africa,['ATK'],103,2624,376,1.22,1.17
15,XANTARES,Turkey,['Space Soldiers'],1511,39753,5320,1.2,1.17
16,Woro2k,Ukraine,['MAD Lions'],129,3485,511,1.22,1.17
17,Laz,Japan,['SCARZ Absolute'],269,6862,1148,1.27,1.17
18,DANK1NG,China,['TYLOO'],305,8099,1269,1.24,1.16
19,SENSEi,Ukraine,['Akuma'],341,8975,1669,1.33,1.16
20,try,Argentina,['9z'],185,4854,820,1.28,1.16
21,coldzera,Brazil,['SK'],1336,34861,5661,1.26,1.16
22,device,Denmark,['Astralis'],1733,45159,7005,1.25,1.16
23,JamYoung,China,['ViCi'],265,6992,1044,1.24,1.16
24,cosmeeeN,Romania,['Epsilon'],319,8310,1109,1.2,1.16
25,Sico,New Zealand,['Renegades'],824,20947,3686,1.3,1.16
26,XigN,Korea,['MVP PK'],638,16454,2321,1.22,1.16
27,BnTeT,Indonesia,['TYLOO'],969,25236,3742,1.24,1.16
28,torzsi,Hungary,['mouz NXT'],315,8498,1225,1.23,1.16
29,blameF,Denmark,['Complexity'],715,19154,3110,1.27,1.16
30,z4kr,China,['Lynn Vision'],199,5271,715,1.21,1.15
31,NiKo,Bosnia and Herzegovina,['G2'],1493,39556,4942,1.19,1.15
32,nettik,New Zealand,['Rooster'],240,6182,798,1.2,1.15
33,KSCERATO,Brazil,['FURIA'],806,20993,3430,1.28,1.15
34,vsm,Brazil,['DETONA'],448,11827,1496,1.19,1.15
35,XELLOW,Romania,['Nexus'],915,23961,2878,1.18,1.14
36,Benkai,Singapore,['BOOT-d[S]'],603,15560,2046,1.2,1.14
37,ju1ces,Australia,['Rooster'],222,5737,734,1.2,1.14
38,dizzyLife,Australia,['Legacy'],345,8772,1208,1.22,1.14
39,Jame,Russia,['Virtus.pro'],1065,28226,4765,1.3,1.14
40,El1an,Russia,['Entropiq'],1046,27968,3977,1.23,1.14
41,sk0R,Mongolia,['NKT'],211,5723,663,1.17,1.13
42,Texta,Australia,['Chiefs'],625,15713,1750,1.16,1.13
43,zAAz,Sweden,['Secret fe'],227,5502,606,1.16,1.13
44,oskar,Czech Republic,['Sinners'],1347,35564,4509,1.2,1.13
45,mhL,Poland,['AGO'],357,9572,1235,1.2,1.13
46,woxic,Turkey,['HellRaisers'],917,23999,3065,1.21,1.13
47,dav1d,Chile,['Paquetá],227,5942,633,1.16,1.13
48,zevy,Brazil,['Sharks'],133,3506,455,1.21,1.13
49,SunPayus,Spain,['Movistar Riders'],157,4244,554,1.21,1.13
50,keiz,Brazil,['Santos'],133,3587,573,1.28,1.13
51,fredi,Czech Republic,['eSuba'],231,5987,661,1.17,1.13
52,mantuu,Poland,['OG'],622,16657,2151,1.21,1.13
53,kennyS,France,['G2'],1843,48634,6344,1.21,1.13
54,frozen,Slovakia,['mousesports'],1080,28215,3189,1.17,1.13
55,huNter-,Bosnia and Herzegovina,['G2'],1330,34977,3844,1.16,1.13
56,Petra,Netherlands,['XSET'],102,2487,262,1.16,1.13
57,erkaSt,Mongolia,['Grayhound'],830,21491,2460,1.17,1.12
58,yuurih,Brazil,['FURIA'],898,23462,2802,1.19,1.12
59,dream3r,Bulgaria,['Fiend'],1006,26099,3512,1.22,1.12
60,xsepower,Russia,['forZe'],1061,28504,4168,1.25,1.12
61,mattcd,Australia,['Legacy'],234,5998,776,1.21,1.12
62,prelideN,Latvia,['Latvia'],106,2768,184,1.09,1.12
63,Freeman,Hong Kong,['ViCi'],728,18573,2146,1.18,1.12
64,kNgV-,Brazil,['MIBR'],795,20744,2373,1.17,1.12
65,deoxiDE,Australia,['Legacy'],136,3439,412,1.19,1.12
66,GooseBreeder,Canada,['CLG Red'],156,3830,454,1.18,1.12
67,Calyx,Turkey,['Space Soldiers'],856,22293,2696,1.19,1.12
68,jOELZ,Finland,['nerdRage'],247,6433,720,1.17,1.12
69,liTTle,Russia,['forZe'],458,12159,1550,1.2,1.12
70,NEOFRAG,Czech Republic,['Sinners'],440,11805,1102,1.14,1.12
71,asap,Australia,['Rooster'],189,4896,510,1.15,1.12
72,cath,Canada,['Dignitas fe'],160,3977,405,1.15,1.12
73,f0rsakeN,Indonesia,['BOOM'],104,2684,236,1.13,1.12
74,Jamppi,Finland,['SJ'],503,13449,1408,1.16,1.12
75,INS,Australia,['Renegades'],868,22077,2384,1.17,1.12
76,ropz,Estonia,['mousesports'],1001,26414,3251,1.2,1.12
77,wrath,United States,['New Identity'],525,13568,1239,1.13,1.12
78,chelleos,New Zealand,['Rooster'],474,12189,1119,1.13,1.12
79,GuardiaN,Slovakia,['Natus Vincere'],1519,39782,4753,1.19,1.11
80,Twistzz,Canada,['Liquid'],1227,32124,3594,1.18,1.11
81,f0rest,Sweden,['Dignitas'],1929,49895,5571,1.17,1.11
82,CigaretteS,Thailand,['Signature'],205,5361,539,1.15,1.11
83,Luken,Argentina,['Sharks'],239,6097,667,1.17,1.11
84,hades,Poland,['ENCE'],424,11431,1413,1.2,1.11
85,dexter,Australia,['mousesports'],868,22253,2293,1.16,1.11
86,PTC,Thailand,['Lucid Dream'],476,12393,1408,1.18,1.11
87,Brehze,United States,['Evil Geniuses'],1091,28547,2793,1.15,1.11
88,CeRq,Bulgaria,['Evil Geniuses'],1130,29452,3399,1.19,1.11
89,FpSSS,Russia,['GROND'],102,2720,322,1.19,1.11
90,ZELIN,Portugal,['AlienTech'],322,8462,856,1.15,1.11
91,splashske,Singapore,['HZ'],722,18651,1811,1.15,1.11
92,poizon,Bulgaria,['Complexity'],1041,27621,2906,1.17,1.11
93,jeyN,France,['Heretics'],122,3354,345,1.16,1.11
"94,m1tch,Australia,""['Corvidae', 'TRIDENT']"",110,2958,285,1.14,1.11"
95,FREDDyFROG,Sweden,['Apeks'],1171,31220,3578,1.18,1.11
96,ottoNd,Finland,['HAVU'],820,21635,2505,1.19,1.11
97,gxx-,Albania,['BLINK'],145,3818,467,1.2,1.11
98,zorte,Russia,['forZe'],518,13789,1650,1.19,1.11
99,havoK,India,['NASR'],237,6247,581,1.14,1.11
100,saveeey,Slovenia,['KlikTech'],141,3553,312,1.13,1.11
101,Nivera,Belgium,['Heretics'],192,5130,566,1.18,1.11
102,crazyguy,Vietnam,['Recca'],184,4594,411,1.13,1.11
103,Infinite,United States,['Party Astronauts'],669,17474,1649,1.14,1.11
104,DeathMakeR,India,['Entity'],105,2717,244,1.13,1.11
"105,wippie,Russia,[""""Ben's Anime Team""""],116,3030,359,1.19,1.11"
106,TenZ,Canada,['Bad News Bears'],401,10399,839,1.12,1.10
107,xeta,Korea,['MVP PK'],351,8823,918,1.16,1.10
108,ekul,Australia,['Paradox'],428,11069,977,1.13,1.10
109,HEN1,Brazil,['Immortals'],1020,26519,3406,1.22,1.10
110,Olivia,Thailand,['Beyond'],634,16189,1565,1.15,1.10
111,zEptonL,Denmark,['Singularity'],117,3082,261,1.12,1.10
112,mertz,Denmark,['North Academy'],955,25333,2594,1.16,1.10
113,Izzy,Turkey,['9INE'],113,3003,328,1.17,1.10
114,Nami,United Arab Emirates,['NASR'],199,5201,476,1.14,1.10
115,Vexite,Australia,['ORDER'],208,5228,434,1.12,1.10
116,WARDELL,Canada,['Ghost'],609,15901,1648,1.17,1.10
117,swag,United States,['Swole Patrol'],556,14447,1629,1.18,1.10
118,mir,Russia,['Spirit'],938,24644,2439,1.15,1.10
119,Farlig,Denmark,['FunPlus Phoenix'],602,16090,1665,1.16,1.10
120,nawwk,Sweden,['GamerLegion'],756,20188,2261,1.18,1.10
121,biguzera,Brazil,['paiN'],388,10363,1061,1.16,1.10
122,xccurate,Indonesia,['TYLOO'],656,16971,1661,1.15,1.10
123,h4rn,Bulgaria,['Fiend'],404,10718,1206,1.19,1.10
124,aliStair,Australia,['ORDER'],979,24933,2631,1.17,1.10
125,witz,Philippines,['Bren'],336,8746,931,1.17,1.10
126,electronic,Russia,['Natus Vincere'],1176,31005,2823,1.14,1.10
127,Zac,Vietnam,['Born Of Fire'],130,3264,292,1.13,1.10
128,dumau,Brazil,['GODSENT'],300,8000,887,1.18,1.10
129,Ax1Le,Russia,['Gambit'],807,21427,2144,1.16,1.10
130,mini,Turkey,['Royal Bandits'],318,8292,641,1.11,1.10
131,allu,Finland,['ENCE'],1603,41986,4343,1.16,1.10
132,moose,Canada,['eUnited'],752,19559,1975,1.16,1.10
133,mixwell,Spain,['OpTic'],840,21804,1911,1.13,1.09
134,SNk,Kyrgyzstan,['Tengri'],224,5918,503,1.13,1.09
135,Sonic,South Africa,['Extra Salt'],866,22274,2104,1.15,1.09
136,syrsoN,Germany,['BIG'],1557,41316,4163,1.16,1.09
137,mezii,United Kingdom,['Endpoint'],378,10332,1001,1.15,1.09
138,oSee,United States,['Extra Salt'],885,22946,2380,1.16,1.09
139,KQLY,France,['LDLC'],250,6394,524,1.12,1.09
140,cynic,United States,['Triumph'],423,10970,1064,1.15,1.09
141,gas,China,['Wings Up'],424,11049,705,1.09,1.09
142,dispenser,Philippines,['Mineski'],188,4793,280,1.08,1.09
143,dennyslaw,Bulgaria,['SKADE'],880,23616,2195,1.14,1.09
144,Remind,Tunisia,['Tunisia'],101,2685,169,1.09,1.09
145,GeT_RiGhT,Sweden,['NIP'],1744,45005,4289,1.15,1.09
146,JUGi,Denmark,['Heroic'],935,24296,2659,1.18,1.09
147,zehN,Finland,['GODSENT'],1031,27206,2307,1.13,1.09
148,lollipop21k,Belarus,['Nemiga'],1046,28053,2279,1.12,1.09
149,dgt,Uruguay,['9z'],285,7450,763,1.16,1.09
150,Cooper,United States,['Swole Patrol'],729,18904,1883,1.16,1.09
151,Magisk,Denmark,['Astralis'],1290,33939,3224,1.15,1.09
152,ZOREE,Finland,['HAVU'],1598,42423,4309,1.16,1.09
153,ryx,United States,['Echo Fox'],491,12856,1181,1.14,1.09
154,keeyto,Australia,['Paradox'],202,5211,442,1.13,1.09
155,floppy,United States,['Cloud9'],669,17567,1368,1.12,1.09
156,ScreaM,Belgium,['Envy'],1430,37087,3105,1.13,1.09
157,valde,Denmark,['OG'],1170,31047,2711,1.13,1.09
158,EliGE,United States,['Liquid'],1476,38669,2796,1.11,1.09
159,BL1TZ,Australia,['Chiefs'],716,18370,1560,1.13,1.09
160,minimal,Argentina,['River Plate'],122,3231,287,1.14,1.09
161,k0nfig,Denmark,['Dignitas'],1418,37477,2415,1.09,1.09
162,dupreeh,Denmark,['Astralis'],1832,47667,4267,1.14,1.09
163,Hatz,Australia,['Renegades'],869,22188,2030,1.14,1.09
164,NAF,Canada,['Liquid'],1437,37717,3614,1.15,1.09
165,ritchiEE,Belgium,['GORILLAZ'],185,4902,403,1.13,1.09
166,Machinegun,Mongolia,['TheMongolz'],407,10370,680,1.09,1.09
167,Attacker,China,['TYLOO'],1175,30177,2576,1.13,1.09
168,tor1towOw,Peru,['Infinity'],160,4111,300,1.11,1.09
169,nex,Germany,['BIG'],1074,28389,2435,1.13,1.09
170,s4,Ukraine,['EC Kyiv'],139,3696,337,1.15,1.09
171,PALM1,Sweden,['TEAM5'],155,4216,226,1.07,1.09
172,husK,Australia,['Control'],117,2954,150,1.07,1.09
173,fer,Brazil,['SK'],1336,34798,2636,1.11,1.09
174,Summer,China,['TYLOO'],1182,30399,2767,1.14,1.08
175,HaZR,Australia,['AVANT'],625,16006,1064,1.1,1.08
176,Troubley,Germany,['mousesports'],266,6808,484,1.1,1.08
177,trk,Brazil,['TeamOne'],702,18349,1507,1.13,1.08
178,Sayf,Sweden,['Singularity'],346,9334,684,1.11,1.08
179,nukkye,Lithuania,['Imperial'],592,15492,1330,1.13,1.08
180,2D,Australia,['Ground Zero'],136,3524,343,1.15,1.08
181,Spinx,Israel,['ENCE'],274,7270,597,1.13,1.08
182,nython,Brazil,['Paquetá'],341,9076,786,1.13,1.08
183,Xeppaa,United States,['Chaos'],367,9519,703,1.11,1.08
184,pz,Australia,['VERTEX'],287,7473,636,1.13,1.08
185,sergej,Finland,['ENCE'],731,19266,1773,1.14,1.08
186,exit,Brazil,['Sharks'],566,14567,1446,1.16,1.08
187,REOVA,Turkey,['RONIN'],145,3775,331,1.14,1.08
188,potter,United States,['CLG Red'],119,2979,225,1.11,1.08
189,FL1T,Russia,['forZe'],1121,30232,2645,1.13,1.08
190,PwnAlone,United States,['Party Astronauts'],675,17678,1489,1.13,1.08
191,Savage,China,['VG.CyberZen'],836,21434,1926,1.14,1.08
192,felps,Brazil,['SK'],899,22930,1509,1.09,1.08
193,DJOXiC,Serbia,['Binary Dragons'],489,12531,1204,1.15,1.08
"194,faveN,Germany,""['Sprout', 'EURONICS']"",1168,31129,2578,1.13,1.08"
195,shox,France,['Vitality'],1873,49128,3882,1.12,1.08
196,keev,Germany,['ALTERNATE aTTaX'],594,15524,1217,1.12,1.08
197,Detrony,South Africa,['Bravado'],400,10133,827,1.13,1.08
198,Inseaniac,Canada,['GGPR'],169,4508,323,1.11,1.08
199,Impulse,Serbia,['ONYX'],663,17556,1450,1.13,1.08
200,b4rtiN,Brazil,['GODSENT'],380,9951,835,1.13,1.08
201,draken,Sweden,['Epsilon'],1028,27086,2454,1.14,1.08
202,ShahZaM,United States,['Complexity'],966,25252,2058,1.13,1.08
203,ptr,United States,['Bad News Bears'],1113,29154,2761,1.15,1.08
204,KmZ,United States,['OCG'],194,4991,256,1.07,1.08
205,MICHU,Poland,['Virtus.pro'],1627,42782,2873,1.1,1.08
206,jayzaR,Sweden,['Valiance'],502,13242,889,1.1,1.08
207,Papichulo,Philippines,['Bren'],330,8596,641,1.11,1.08
208,dycha,Poland,['ENCE'],635,17055,1118,1.1,1.08
209,CRUC1AL,Netherlands,['Endpoint'],1306,34181,2665,1.12,1.08
210,autimatic,United States,['Cloud9'],1122,29309,2278,1.12,1.08
211,NaToSaphiX,Denmark,['Sprout'],926,24733,2436,1.16,1.08
212,hardzao,Brazil,['paiN'],468,12274,1087,1.14,1.08
213,meyern,Argentina,['Furious'],400,10387,680,1.1,1.07
214,hallzerk,Norway,['Dignitas'],592,16008,1161,1.11,1.07
215,KllyVe,Belgium,['Galaxy Racer fe'],149,3828,266,1.1,1.07
216,latto,Brazil,['GODSENT'],204,5440,448,1.13,1.07
217,flameZ,Israel,['OG'],305,8148,508,1.09,1.07
218,mimi,Denmark,['XSET'],170,4029,261,1.1,1.07
219,Liazz,Australia,['EXTREMUM'],918,23699,2000,1.14,1.07
220,jks,Australia,['Complexity'],1144,29891,2339,1.12,1.07
221,dapr,United States,['eUnited'],594,15426,1002,1.1,1.07
222,flomaster,Kazakhstan,['zARLANS'],127,3307,217,1.1,1.07
223,YEKINDAR,Latvia,['Virtus.pro'],988,26237,1299,1.07,1.07
224,InfrequeNt,Australia,['Athletico'],467,12046,944,1.12,1.07
225,hAdji,France,['LDLC'],1006,26535,1902,1.11,1.07
226,NikoM,Argentina,['DETONA'],451,11509,844,1.11,1.07
227,FalleN,Brazil,['SK'],1430,37421,3565,1.16,1.07
228,ayken,Germany,['Demolition Crew'],184,4919,296,1.09,1.07
229,pancc,Brazil,['Sharks'],505,13196,814,1.09,1.07
230,rain,Canada,['Dignitas fe'],191,4817,347,1.11,1.07
231,cqntrl,Brazil,['Keyd'],104,2800,182,1.1,1.07
232,Brollan,Sweden,['fnatic'],874,23244,1417,1.09,1.07
233,joel,Sweden,['Galaxy Racer'],141,3784,265,1.11,1.07
"234,smike,Ukraine,[""""spray'n'pray""""],480,12461,655,1.08,1.07"
235,nicoodoz,Denmark,['Copenhagen Flames'],477,12916,1150,1.14,1.07
236,paz,Turkey,['Sangal'],1053,27610,1997,1.11,1.07
237,Lucky,Denmark,['Tricked'],342,9290,766,1.13,1.07
238,SideStep,United States,['Party Astronauts'],113,2940,213,1.11,1.07
239,shz,Brazil,['MIBR'],775,20098,1493,1.12,1.07
240,fejtZ,Estonia,['SMASH'],733,19457,1322,1.1,1.07
241,slaxz-,Germany,['Sprout'],680,18334,1488,1.13,1.07
242,EspiranTo,Lithuania,['Imperial'],857,22439,1334,1.09,1.07
243,di^,United States,['CLG Red'],180,4495,352,1.12,1.07
244,anarkez,Israel,['Secret'],471,12627,898,1.11,1.07
245,NikkeZ,Australia,['Ground Zero'],376,9711,581,1.09,1.07
246,n1ssim,Brazil,['Case'],119,3161,233,1.11,1.07
247,xand,Brazil,['INTZ'],515,13210,875,1.1,1.07
248,Rickeh,Australia,['ORDER'],860,22524,1989,1.14,1.07
249,somebody,China,['TYLOO'],1216,31454,2120,1.1,1.07
250,QKA,China,['5POWER'],399,10332,707,1.1,1.07
251,downie,Sweden,['Torpedo'],317,8286,656,1.13,1.07
252,blackpoisoN,South Africa,['ATK'],295,7528,461,1.09,1.07
253,Krimbo,Germany,['ALTERNATE aTTaX'],190,5022,357,1.11,1.07
254,CLASIA,United States,['RBG'],182,4765,318,1.1,1.07
255,WorldEdit,Russia,['FlipSid3'],1328,34716,2476,1.11,1.07
256,Hobbit,Kazakhstan,['Gambit'],1040,27440,1981,1.11,1.07
257,boltz,Brazil,['Immortals'],1184,30851,2413,1.12,1.07
258,shroud,Canada,['Cloud9'],676,17460,1311,1.12,1.07
259,agM,United States,['Excelerate'],134,3428,201,1.09,1.07
260,Pimp,Denmark,['Dignitas'],976,25052,2016,1.13,1.07
261,iDISBALANCE,Russia,['Nemiga'],688,18316,1550,1.14,1.07
262,Ryxxo,Denmark,['Tricked'],731,19178,1488,1.12,1.07
263,Konvict,South Africa,['Aperture'],105,2619,189,1.11,1.07
264,DD,China,['TYLOO'],910,23543,1527,1.1,1.07
265,Jinx,Korea,['GOSU'],196,5038,299,1.09,1.07
266,bLitz,Mongolia,['Checkmate'],106,2858,116,1.06,1.06
267,zhokiNg,China,['ViCi'],1177,30044,1502,1.07,1.06
268,vilga,Russia,['Secret fe'],227,5573,350,1.09,1.06
269,fame,Russia,['K23'],314,8454,514,1.09,1.06
270,JOTA,Brazil,['Bravos'],252,6581,454,1.11,1.06
271,Grim,United States,['Liquid'],756,19877,890,1.07,1.06
272,iGm,Romania,['Nexus'],150,3923,160,1.06,1.06
273,JeXeN,China,['ViCi'],125,3111,200,1.1,1.06
274,Keiti,United States,['Mythic'],203,5452,227,1.06,1.06
275,leaf,United States,['Chaos'],254,6523,352,1.08,1.06
276,V4D1M,Russia,['Invictus'],315,8236,604,1.11,1.06
277,flexeeee,South Africa,['Energy'],173,4333,256,1.09,1.06
278,DaZeD,United States,['iBUYPOWER'],170,4518,309,1.1,1.06
279,Valiance,Australia,['ORDER'],518,13346,883,1.1,1.06
280,acoR,Denmark,['mousesports'],1017,26597,1956,1.12,1.06
281,ofnu,New Zealand,['Tainted Minds'],852,21778,1380,1.1,1.06
282,SHiPZ,Bulgaria,['SKADE'],1391,36918,1885,1.07,1.06
283,AnJ,Denmark,['NRG'],403,10503,763,1.11,1.06
284,j9,Thailand,['Signature'],114,2879,106,1.05,1.06
285,Ethan,United States,['NRG'],986,25998,1488,1.09,1.06
286,tucks,Australia,['Chiefs'],689,17415,1281,1.11,1.06
287,juliano,Sweden,['Secret fe'],252,6104,352,1.09,1.06
288,Roflko,Australia,['VERTEX'],214,5531,265,1.07,1.06
289,sausol,Spain,['MAD Lions'],145,3942,238,1.09,1.06
290,frei,United Kingdom,['Epsilon'],256,6660,412,1.09,1.06
291,TeSeS,Denmark,['Heroic'],696,18582,1056,1.08,1.06
292,olofmeister,Sweden,['FaZe'],1506,39348,2774,1.11,1.06
293,Happy,France,['Envy'],1464,37933,2745,1.11,1.06
294,Ant1ka,Russia,['Secret fe'],126,3135,243,1.12,1.06
295,4pack,United States,['Rebirth'],228,5904,239,1.06,1.06
296,Derkeps,Finland,['KOVA'],113,2948,86,1.04,1.06
297,XotiC,United States,['ChocoCheck'],267,7032,467,1.1,1.06
298,L!nKz^,Chile,['Isurus'],213,5606,408,1.11,1.06
299,AE,China,['EMP'],302,7813,294,1.05,1.06
300,snatchie,Poland,['AGO'],1359,36521,1979,1.08,1.06
301,koosta,United States,['CLG'],951,25077,1350,1.08,1.06
302,COLDYY1,Ukraine,['Spirit'],947,24917,1718,1.11,1.06
303,Maka,France,['LDLC'],1053,27999,1866,1.1,1.06
304,JohnOlsen,Thailand,['Lucid Dream'],206,5353,261,1.07,1.06
305,sdy,Ukraine,['Spirit'],952,25057,1864,1.12,1.06
306,nexa,Serbia,['G2'],1154,30476,2108,1.11,1.06
307,scoobyxie,Ukraine,['HellRaisers'],237,6341,421,1.1,1.06
308,Skadoodle,United States,['Cloud9'],1047,27129,2458,1.15,1.06
309,flying,China,['Invictus'],377,10075,516,1.07,1.06
310,chawzyyy,Sweden,['Galaxy Racer'],185,4988,279,1.09,1.06
311,jL,Lithuania,['MAD Lions'],130,3505,185,1.08,1.06
312,suNny,Finland,['ENCE'],1265,33373,1562,1.07,1.06
313,B1T,Ukraine,['Natus Vincere'],317,8406,524,1.1,1.06
314,TOR,Thailand,['Signature'],452,11472,657,1.09,1.06
315,opportunity,United States,['Fam143'],129,3464,133,1.05,1.06
316,chelo,Brazil,['MIBR'],787,20340,1110,1.08,1.06
317,Gratisfaction,New Zealand,['EXTREMUM'],882,22943,1687,1.12,1.06
318,refrezh,Denmark,['Fragsters'],850,22613,1350,1.09,1.06
319,SLOWLY,China,['TYLOO'],454,12031,560,1.07,1.06
320,Rainwaker,Bulgaria,['SKADE'],836,22503,1435,1.1,1.05
321,Ace,India,['Entity'],134,3350,198,1.09,1.05
322,crashies,United States,['Riot Squad'],336,8723,459,1.08,1.05
323,imoRR,Turkey,['Sangal'],389,10444,256,1.03,1.05
324,smooth_criminal22,Australia,['madlikewizards'],290,7396,295,1.06,1.05
325,Zilkenberg,Mongolia,['TheMongolz'],321,8172,464,1.09,1.05
326,KEi,Poland,['AVEZ'],537,14445,535,1.05,1.05
327,Qikert,Kazakhstan,['Virtus.pro'],1145,30242,1969,1.1,1.05
328,tabseN,Germany,['BIG'],1775,46826,1523,1.05,1.05
329,lan,China,['Wings Up'],261,6748,326,1.07,1.05
330,rallen,Poland,['AGO'],1650,44052,2856,1.1,1.05
331,ISSAA,Jordan,['HellRaisers'],824,21606,1311,1.09,1.05
332,atter,Sweden,['Torpedo'],240,6228,244,1.06,1.05
333,SaVage,Australia,['Dire Wolves'],123,3057,242,1.13,1.05
334,remix,Brazil,['Havan Liberty'],271,7092,374,1.08,1.05
335,flaw,Australia,['Jade'],139,3488,137,1.06,1.05
336,Aerial,Finland,['HAVU'],854,22612,1179,1.08,1.05
337,EMUHLEET,United States,['Dignitas fe'],175,4405,345,1.13,1.05
338,KRIMZ,Sweden,['fnatic'],1663,43731,2981,1.11,1.05
339,cajunb,Denmark,['North'],1685,44055,2857,1.1,1.05
340,REDSTAR,Bulgaria,['Fiend'],508,13423,908,1.11,1.05
341,kanii,South Africa,['DNMK'],179,4436,207,1.07,1.05
342,roeJ,Denmark,['Copenhagen Flames'],647,17091,861,1.07,1.05
343,Marcelious,Norway,['777'],393,10692,551,1.08,1.05
344,nin9,Mongolia,['Renewal'],314,8269,555,1.1,1.05
345,twist,Sweden,['GODSENT'],1512,39962,2035,1.08,1.05
346,bottle,China,['Invictus'],756,19492,848,1.06,1.05
347,penny,Canada,['Triumph'],228,6019,225,1.05,1.05
348,mou,Kazakhstan,['K23'],1467,38924,2475,1.1,1.05
349,juanflatroo,Albania,['BLINK'],374,9963,299,1.04,1.05
350,Ramz1kBO$$,Kazakhstan,['Tengri'],425,11070,553,1.07,1.05
351,lainNy,Latvia,['Smoke Criminals'],107,2881,104,1.05,1.05
352,HZ,China,['TYLOO'],500,12856,691,1.08,1.05
353,Westmelon,China,['Lynn Vision'],210,5497,189,1.05,1.05
354,Daveys,Colombia,['Infinity'],267,6672,411,1.09,1.05
355,KHTEX,Brazil,['Paquetá'],574,14745,967,1.1,1.05
356,Mr.six,China,['New4'],244,6220,200,1.04,1.05
357,Maden,Montenegro,['FunPlus Phoenix'],532,14174,491,1.05,1.05
358,DavCost,Russia,['Spirit'],1112,29193,1735,1.09,1.05
359,Gospadarov,Russia,['NAVI Junior'],310,8323,550,1.11,1.05
360,flusha,Sweden,['fnatic'],1792,46987,2770,1.09,1.05
361,Temperature,United States,['The Fundamentals'],118,3034,109,1.05,1.05
362,Domsterr,South Africa,['ATK'],274,6833,439,1.1,1.05
363,Blastinho,Spain,['k1ck'],120,3197,169,1.08,1.05
364,JW,Sweden,['fnatic'],1879,49346,2349,1.07,1.05
365,motm,United States,['ATK'],735,19337,870,1.07,1.05
366,Sys,Indonesia,['Recca'],324,8237,435,1.08,1.05
367,yay,United States,['Complexity'],653,17182,604,1.05,1.05
368,cadiaN,Denmark,['Heroic'],1340,35365,2389,1.11,1.05
369,3ARK00Z,Jordan,['Triumph'],169,4387,144,1.05,1.05
370,Swahn,United States,['iNTACT'],250,6516,370,1.09,1.05
371,Annihilation,Mongolia,['D13'],184,4928,316,1.1,1.05
372,jtr,New Zealand,['Dynasty'],146,3784,164,1.06,1.05
373,SicK,United States,['Rogue'],795,20701,1040,1.07,1.05
374,NEEX,Poland,['Izako Boars'],429,11195,574,1.08,1.05
375,zeph,Australia,['ORDER'],516,13136,462,1.05,1.05
376,broky,Latvia,['FaZe'],547,14550,1001,1.11,1.05
377,NyX,Croatia,['Locastic'],128,3273,71,1.03,1.05
378,malbsMd,Guatemala,['TeamOne'],387,9879,203,1.03,1.05
379,VAATI,Peru,['Jaguar'],126,3176,172,1.08,1.05
380,loWel,Spain,['Movistar Riders'],1008,26413,1739,1.1,1.05
381,Flarich,Latvia,['HellRaisers'],1058,28161,1801,1.1,1.05
382,reiko,Poland,['HONORIS'],244,6452,110,1.02,1.05
383,Sobol,Poland,['PACT'],617,16769,789,1.07,1.05
384,k1tkat,United Arab Emirates,['NASR'],242,6302,202,1.05,1.05
385,kajsk1ng,Netherlands,['LowLandLions'],153,3988,95,1.03,1.05
386,zemp,Australia,['Ground Zero'],178,4640,121,1.04,1.05
387,Zellsis,United States,['Swole Patrol'],626,16210,803,1.07,1.05
388,kabal,Mongolia,['5POWER'],714,18733,1037,1.08,1.05
389,BRUNO,Peru,['Jaguar'],134,3325,44,1.02,1.05
390,SandeN,Denmark,['SK'],328,8560,355,1.06,1.05
391,jackhan,China,['New4'],275,7075,300,1.06,1.05
392,FiReMaNNN,Chile,['Andes'],140,3703,120,1.05,1.05
393,christo,Argentina,['Durany'],142,3747,160,1.06,1.05
394,rommi,Russia,['Spirit Academy'],516,13467,604,1.06,1.05
395,PANIX,Germany,['ALTERNATE aTTaX'],197,5188,234,1.07,1.05
396,nqz,Brazil,['DETONA'],117,3046,193,1.1,1.05
397,buster,Kazakhstan,['Virtus.pro'],1151,30386,2016,1.11,1.04
398,aumaN,China,['ViCi'],843,21616,1204,1.08,1.04
399,raafa,Brazil,['W7M'],605,15881,1010,1.1,1.04
400,STOMP,Poland,['Izako Boars'],771,20635,1317,1.1,1.04
401,MarKE,Mexico,['Extra Salt'],795,20430,1105,1.08,1.04
402,n0rb3r7,Russia,['K23'],867,23264,671,1.04,1.04
403,Kjaerbye,Denmark,['North'],1519,39947,2110,1.08,1.04
404,Lucky,France,['DBL PONEY'],989,26323,1447,1.09,1.04
405,fnx,Brazil,['Luminosity'],605,15482,852,1.08,1.04
406,malta,Australia,['Renegades'],910,23211,1301,1.09,1.04
407,Aunkere,Russia,['NAVI Junior'],290,7533,262,1.05,1.04
408,stavn,Denmark,['Heroic'],989,26338,1131,1.06,1.04
409,DubsteP,Philippines,['Mineski'],189,4824,232,1.07,1.04
410,smiley,Kazakhstan,['100PG'],301,8122,482,1.09,1.04
411,mawth,Brazil,['WePlayGames'],222,5774,218,1.06,1.04
412,iM,Romania,['GamerLegion'],561,14978,449,1.04,1.04
413,oliff,Australia,['FURY'],120,3121,99,1.05,1.04
414,PureR,United States,['Thunder Logic'],171,4471,98,1.03,1.04
415,Geniuss,Thailand,['Signature'],396,10099,326,1.05,1.04
416,zewsy,New Zealand,['Tainted Minds'],618,15666,667,1.06,1.04
417,Reality,Thailand,['Signature'],365,9318,475,1.08,1.04
418,Chuti,Mexico,['QuetzaL'],134,3524,104,1.04,1.04
419,Bubzkji,Denmark,['Tricked'],796,21077,994,1.07,1.04
420,kobruh,United States,['Recon 5'],239,6319,199,1.05,1.04
421,Bwills,United States,['Triumph'],567,14711,633,1.06,1.04
422,sjuush,Denmark,['Heroic'],690,18199,908,1.08,1.04
423,Snakes,United States,['Spacestation'],403,10328,461,1.07,1.04
424,Hiko,United States,['Liquid'],937,24398,1532,1.1,1.04
425,Kntz,Thailand,['Alpha Red'],467,12011,641,1.08,1.04
426,takbok,South Africa,['Big 5'],148,3700,228,1.1,1.04
427,deStiny,Australia,['Ground Zero'],262,6778,94,1.02,1.04
428,Snax,Poland,['Virtus.pro'],2024,53382,2703,1.08,1.04
429,shadow,Sweden,['Rogue Academy'],199,5204,300,1.09,1.04
430,buue,Israel,['Smoke Criminals'],152,4015,156,1.06,1.04
431,HSK,Korea,['MVP PK'],540,13851,845,1.1,1.04
432,KAB0M,Sweden,['DenDD'],235,6154,320,1.08,1.04
433,IyeN,Australia,['Corvidae'],352,9102,239,1.04,1.04
434,desh,Brazil,['Jaguares'],109,2862,114,1.06,1.04
435,oBo,United States,['Evil Geniuses'],338,9084,370,1.06,1.04
436,rigoN,Switzerland,['c0ntact'],182,4825,49,1.01,1.04
437,sam_A,Colombia,['Vault'],250,6314,263,1.06,1.04
438,eraa,Sweden,['GamerLegion'],346,9384,406,1.06,1.04
439,L0NER,United States,['Big Frames'],169,4235,175,1.06,1.04
440,Delpan,Sweden,['Lemondogs'],154,3996,146,1.05,1.04
441,ANDROID,Canada,['Complexity'],835,21741,1036,1.07,1.04
442,DiMKE,Serbia,['ONYX'],532,13913,536,1.06,1.04
443,LOVEYY,China,['Flash'],708,17977,699,1.06,1.04
444,JUST,Portugal,['SAW'],686,18088,719,1.06,1.04
445,stax,Korea,['MVP PK'],243,6188,318,1.08,1.04
446,dEE,Serbia,['4glory'],392,10335,493,1.07,1.04
447,Dodz,Estonia,['WASD'],158,4055,110,1.04,1.04
448,COLON,Denmark,['Playing Ducks'],130,3318,92,1.04,1.04
"449,JonY BoY,Argentina,""['Furious', 'Furious', 'Gale Force', 'Miami Flamingos', 'Isurus']"",414,10643,414,1.06,1.04"
450,points,Colombia,['Infinity'],161,3999,148,1.05,1.04
451,land1n,Brazil,['paiN'],728,19045,1160,1.1,1.04
452,PLAYER1,Canada,['FRENCH CANADIANS'],148,3886,166,1.06,1.04
453,dobu,Mongolia,['5POWER'],719,18826,646,1.05,1.04
454,4sh0t,United States,['Freedom 35'],144,3742,191,1.08,1.03
455,tconnors,United States,['Third Impact'],195,5080,235,1.07,1.03
456,Davidp,Belgium,['3DMAX'],774,20539,1009,1.08,1.03
457,tb,China,['VG.CyberZen'],619,15737,708,1.07,1.03
458,emilio,Sweden,['dreamchasers'],152,3887,121,1.05,1.03
459,tarik,United States,['CLG'],1429,37112,1323,1.05,1.03
460,Zyphon,Denmark,['Copenhagen Flames'],185,4874,197,1.06,1.03
461,jkaem,Norway,['Renegades'],1166,30745,837,1.04,1.03
462,Relaxa,Sweden,['Apeks'],1169,31162,2001,1.11,1.03
463,rAge,Ukraine,['Hard Legion'],380,10128,685,1.11,1.03
464,shushan,Israel,['Aequus'],110,2916,115,1.06,1.03
465,afro,France,['DBL PONEY'],356,9422,408,1.07,1.03
466,juho,Finland,['ENCE'],750,19740,298,1.02,1.03
467,waffe,Australia,['Funky Monkeys'],213,5440,197,1.05,1.03
468,Patsi,Russia,['Spirit Academy'],407,10936,314,1.04,1.03
469,kressy,Germany,['Sprout'],1045,27972,1243,1.07,1.03
470,Plopski,Sweden,['NIP'],864,22976,971,1.06,1.03
471,captainMo,China,['TYLOO'],802,20665,677,1.05,1.03
472,NK4Y,Bulgaria,['Outlaws'],480,12325,429,1.05,1.03
473,Excali,India,['Entity'],138,3439,140,1.06,1.03
474,sLowi,Finland,['HAVU'],1032,27708,978,1.05,1.03
475,Blytz,Romania,['Nexus'],163,4245,77,1.03,1.03
476,WolfY,United States,['Lyngby Vikings'],321,8491,425,1.08,1.03
477,Subroza,Canada,['Ghost'],623,16275,375,1.03,1.03
478,dipparn,Sweden,['Manatee'],191,5044,192,1.06,1.03
479,Szejn,Poland,['mouz NXT'],387,10427,214,1.03,1.03
480,zedzke,Australia,['AVANT'],136,3443,125,1.05,1.03
481,LEEROY,Chile,['Rejected'],253,6585,147,1.03,1.03
482,DaY,Norway,['Temp.no'],113,2909,105,1.05,1.03
483,Maluk3,Brazil,['TeamOne'],878,22846,1127,1.08,1.03
484,USTILO,Australia,['ORDER'],1016,26203,748,1.04,1.03
485,HECTOz,Denmark,['Tricked'],354,9307,291,1.05,1.03
486,Xyp9x,Denmark,['Astralis'],1805,46938,2672,1.09,1.03
487,LoWkii,France,['Limitless'],114,2991,77,1.04,1.03
488,phzy,Sweden,['Young Ninjas'],299,8011,450,1.09,1.03
489,flamie,Russia,['Natus Vincere'],1500,39559,1497,1.06,1.03
490,yam,Australia,['Renegades'],547,14003,650,1.07,1.03
491,AiyvaN,Ukraine,['pro100'],692,18003,613,1.05,1.03
492,c0llins,Serbia,['4glory'],187,4917,135,1.04,1.03
493,snedker,Denmark,['Tricked'],271,7016,359,1.08,1.03
494,sperr,Estonia,['WASD'],199,5114,141,1.04,1.03
495,KalubeR,Bulgaria,['SKADE'],221,5772,207,1.05,1.03
496,alex,Spain,['Movistar Riders'],1141,30223,1276,1.06,1.03
497,Krad,Russia,['Entropiq'],913,24324,684,1.04,1.03
498,rain,Norway,['FaZe'],1467,38773,847,1.03,1.03
499,znajder,Sweden,['GODSENT'],1050,27577,1070,1.06,1.03
500,RIKO,United States,['Monstars'],399,10376,181,1.02,1.03
501,DEV7L,Czech Republic,['eXtatus'],549,14256,582,1.06,1.03
502,Dirty,United States,['Taboo'],209,5589,149,1.04,1.03
503,REZ,Sweden,['NIP'],1193,31447,1064,1.05,1.03
504,fl0m,United States,['Mythic'],598,15822,619,1.06,1.03
505,kise,Russia,['SG.pro'],185,4946,214,1.07,1.03
506,Missa,France,['Besiktas'],108,2738,118,1.07,1.03
507,Franke19,China,['ViCi'],170,4384,93,1.03,1.03
508,BORKUM,Philippines,['TNC'],232,5904,163,1.04,1.03
"509,Ayrez,Australia,""['Conspiracy', 'R!OT', 'Skyfire']"",112,2948,-30,0.99,1.03"
510,moxie,Singapore,['BOOT-d[S]'],323,8190,441,1.09,1.03
511,massacRe,South Africa,['Goliath'],116,2986,94,1.05,1.03
512,niko,Denmark,['Heroic'],1148,30315,1125,1.06,1.03
513,Patitek,Poland,['Izako Boars'],377,9918,178,1.03,1.03
514,versa,Australia,['Paradox'],256,6556,214,1.05,1.03
515,Boaster,United Kingdom,['exceL'],147,3865,119,1.05,1.03
516,stfN,Germany,['ALTERNATE aTTaX'],1270,33754,1357,1.06,1.03
517,kolor,Hungary,['GameAgents'],538,14071,343,1.04,1.03
518,ap0c,Australia,['AVANT'],789,20225,531,1.04,1.03
519,ADDICT,New Zealand,['VERTEX'],178,4587,163,1.06,1.03
520,tensai,Australia,['VERTEX'],189,4857,51,1.01,1.03
521,Andyy,Germany,['expert'],256,6715,331,1.08,1.03
522,rochet,Chile,['Rejected'],199,5167,152,1.04,1.03
523,es3tag,Denmark,['Heroic'],1180,30935,1023,1.05,1.03
524,dennis,Sweden,['Apeks'],1546,41068,1156,1.04,1.03
525,shuadapai,China,['5POWER'],549,14214,492,1.05,1.03
526,aizy,Denmark,['North'],1558,41047,1171,1.04,1.03
527,khobra,Sweden,['AliGon'],156,4102,112,1.04,1.03
528,FrostMisty,Indonesia,['Recca'],376,9498,411,1.07,1.03
529,Thomas,United Kingdom,['Endpoint'],824,21882,701,1.05,1.03
530,KENSI,Russia,['forZe'],301,8102,391,1.08,1.03
531,Markoś,Poland,['Wisla Krakow'],591,15848,802,1.08,1.03
532,food,United States,['eUnited'],456,11711,380,1.05,1.03
533,mouz,Poland,['Kinguin'],1605,42632,1817,1.07,1.03
534,DannyG,Australia,['Rooster'],307,7874,205,1.04,1.03
535,kaiG,Brazil,['Bravos'],467,12275,410,1.05,1.03
536,Niffy,Thailand,['Maple'],329,8451,285,1.05,1.03
537,junior,United States,['Triumph'],298,7818,463,1.1,1.03
538,laser,Kazakhstan,['Boca Juniors'],106,2800,59,1.03,1.02
539,pashaBiceps,Poland,['Virtus.pro'],1592,41228,1019,1.04,1.02
540,mindfreak,Indonesia,['BOOM'],127,3271,70,1.03,1.02
541,hoody,Finland,['HAVU'],575,15453,402,1.04,1.02
542,fdeN,United States,['ETHEREAL'],105,2741,104,1.06,1.02
543,bondik,Ukraine,['HellRaisers'],1420,37328,1525,1.06,1.02
544,CyberFocus,Belarus,['Nemiga'],491,12779,320,1.04,1.02
"545,LyGHT,Germany,""['expert', 'DIVIZON', 'EURONICS', 'FriendlyFire']"",225,5921,133,1.03,1.02"
546,iDk,Brazil,['Paquetá'],791,20600,615,1.04,1.02
547,NIO,Slovakia,['eSuba'],128,3467,158,1.07,1.02
548,v1c7oR,Bulgaria,['Fiend'],1772,46172,1306,1.04,1.02
549,F1KU,Poland,['AGO'],446,12140,234,1.03,1.02
550,apEX,France,['Vitality'],1837,48128,881,1.03,1.02
551,AmaNEk,France,['G2'],964,25859,1127,1.07,1.02
552,LuL4,Brazil,['paiN'],106,2798,35,1.02,1.02
553,NBK-,France,['Envy'],2025,52921,1398,1.04,1.02
554,Proxure,Chile,['Andes'],150,3985,42,1.01,1.02
555,HS,Estonia,['Nordavind'],1032,27632,431,1.02,1.02
556,RMN,Brazil,['W7M'],317,8243,186,1.03,1.02
557,max,Uruguay,['9z'],420,11037,370,1.05,1.02
558,shalfey,Russia,['Unique'],175,4663,196,1.06,1.02
559,dukeN,Brazil,['Yeah'],218,5588,126,1.03,1.02
560,stadodo,Portugal,['SAW'],587,15455,605,1.06,1.02
561,Kylar,Poland,['Anonymo'],501,13521,399,1.04,1.02
562,NENO,Macedonia,['Binary Dragons'],623,16084,638,1.06,1.02
563,DeStiNy,Brazil,['Paquetá'],945,24447,447,1.03,1.02
564,disco doplan,Sweden,['Galaxy Racer'],1199,31788,1129,1.05,1.02
565,RCF,Brazil,['Sharks'],602,15787,452,1.04,1.02
566,dragonfly,Denmark,['Fragsters'],507,13234,502,1.06,1.02
567,prd,Brazil,['CNB'],162,4195,139,1.05,1.02
568,Zero,Slovakia,['GamerLegion'],865,22899,1050,1.07,1.02
569,Derek,Philippines,['Bren'],218,5688,137,1.04,1.02
570,jdm64,United States,['Liquid'],823,21321,825,1.06,1.02
571,MaLLby,Brazil,['Santos'],155,4177,124,1.04,1.02
572,Lack1,Kazakhstan,['Entropiq'],663,17821,377,1.03,1.02
573,MonttY,Slovakia,['eXtatus'],522,13451,338,1.04,1.02
574,Polt,Russia,['1WIN'],396,10414,434,1.06,1.02
575,FANAT ROCKA,Russia,['Unique'],465,12150,453,1.06,1.02
576,Nico,Denmark,['Dignitas'],399,10074,547,1.09,1.02
577,peri,Korea,['MVP PK'],107,2702,113,1.06,1.02
578,moojuice,Australia,['Ground Zero'],129,3294,92,1.04,1.02
579,peqexino,Argentina,['Meta'],115,3018,130,1.07,1.02
580,qqGOD,Thailand,['Signature'],584,15180,280,1.03,1.02
581,queztone,Slovakia,['eXtatus'],674,17614,261,1.02,1.02
582,MoeycQ,Australia,['Immunity'],613,15920,410,1.04,1.02
583,yel,Brazil,['MIBR'],917,23734,1084,1.07,1.02
584,STOVVE,Finland,['NYYRIKKI'],156,4093,59,1.02,1.02
585,cxzi,United States,['Triumph'],268,6988,35,1.01,1.02
586,Spongey,United States,['Bad News Bears'],612,15901,772,1.08,1.02
587,Fearoth,France,['Smoke Criminals'],184,4867,154,1.05,1.02
588,nero,United States,['AA'],170,4283,72,1.02,1.02
589,Svedjehed,Sweden,['Lilmix'],299,8099,241,1.04,1.02
590,fleav,Hungary,['Budapest Five'],511,13423,179,1.02,1.02
591,1962,Argentina,['Isurus'],510,13220,84,1.01,1.02
592,Forester,Russia,['Entropiq'],953,25359,696,1.04,1.02
593,TENZKI,Denmark,['Nordavind'],1469,38637,1372,1.05,1.02
594,Dallas,Canada,['RONIN'],186,4849,76,1.02,1.02
595,spaze,Russia,['PiTER'],536,14068,87,1.01,1.02
596,jR,Ukraine,['Vega Squadron'],836,22333,752,1.05,1.02
597,tabz,Sweden,['Galaxy Racer'],305,8191,220,1.04,1.02
598,Monster,China,['CyberZen'],200,5329,134,1.04,1.02
599,b0RUP,Denmark,['Tricked'],1233,32581,537,1.02,1.02
600,Ace,United States,['Rise Nation'],456,11866,570,1.08,1.02
"601,Spargo,Finland,""['KOVA', 'hREDS']"",307,8238,150,1.03,1.02"
602,Lekr0,Sweden,['Dignitas'],1148,30537,808,1.04,1.02
603,Blogg1s,Czech Republic,['eSuba'],117,3211,43,1.02,1.02
604,dimasick,Kazakhstan,['AVANGAR'],585,15322,447,1.04,1.02
605,Jyo,Estonia,['Nemiga'],997,26785,920,1.05,1.02
606,fox,Portugal,['Giants'],1048,27373,540,1.03,1.02
607,ROBO,Belarus,['Nemiga'],667,17746,628,1.05,1.02
608,steel,Canada,['Chaos'],617,16290,261,1.02,1.02
609,FaNg,Canada,['Extra Salt'],440,11422,239,1.03,1.02
610,xfl0ud,Turkey,['9INE'],121,3233,49,1.02,1.02
611,fr0slev,Denmark,['AGF'],602,15734,456,1.04,1.02
612,LETN1,Serbia,['Valiance'],1111,28880,1164,1.06,1.02
613,pava,Brazil,['TeamOne'],173,4364,134,1.05,1.02
614,mar,Bulgaria,['FATE'],589,15597,293,1.03,1.02
615,JDC,Germany,['mouz NXT'],326,8568,131,1.02,1.02
616,Luzuh,United Kingdom,['Endpoint'],297,7752,276,1.05,1.02
617,EasTor,Spain,['Movistar Riders'],434,11506,359,1.05,1.02
618,n0thing,United States,['Cloud9'],813,21021,484,1.03,1.02
619,Rackem,Australia,['Dynasty'],145,3715,47,1.02,1.02
620,SELLTER,Russia,['Unique'],103,2759,64,1.03,1.02
621,ztk,Norway,['Nordavind'],171,4479,123,1.04,1.02
622,SKYTTEN,Sweden,['Orbit'],382,10157,328,1.05,1.02
623,Mystic,Norway,['London Conspiracy'],212,5447,-24,0.99,1.02
624,roseau,Indonesia,['Recca'],412,10376,119,1.02,1.02
625,nephh,Singapore,['HZ'],174,4672,-4,1.0,1.02
626,cardiac,Canada,['CLG Academy'],160,4035,130,1.05,1.02
627,roca,United States,['Splyce'],660,17324,195,1.02,1.02
628,TONI,Germany,['KILLERFISH'],111,2918,12,1.01,1.02
629,bld,Brazil,['Yeah'],328,8579,126,1.02,1.02
630,spaz,Belarus,['Empire'],250,6612,111,1.02,1.02
631,Koshak,Russia,['Invictus'],290,7655,125,1.02,1.02
632,ayaya,China,['Eclipse'],447,11276,169,1.02,1.02
633,Swisher,United States,['Bad News Bears'],388,10164,174,1.02,1.02
634,c4Lypso,Canada,['LiViD'],128,3271,25,1.01,1.02
635,arT,Brazil,['FURIA'],884,22981,249,1.02,1.02
636,chrisJ,Netherlands,['mousesports'],1724,45322,1110,1.04,1.02
637,flickz,Australia,['Chiefs'],461,11606,357,1.05,1.02
638,dangle,United States,['Hysteria'],134,3494,41,1.02,1.01
639,leo_drk,Brazil,['Sharks'],510,13022,138,1.02,1.01
640,hampus,Sweden,['NIP'],1217,32463,317,1.01,1.01
641,aproto,United States,['CLG Academy'],383,10053,85,1.01,1.01
642,Stewie2K,United States,['Liquid'],1412,36892,566,1.02,1.01
643,spyleadeR,Bulgaria,['E-frag.net'],891,23002,163,1.01,1.01
644,bedonka,Australia,['Paradox'],379,9815,123,1.02,1.01
645,ChildKing,China,['Wings Up'],116,3072,45,1.02,1.01
646,darti,Sweden,['Torpedo'],305,7931,160,1.03,1.01
647,NOPEEJ,Portugal,['OFFSET'],294,7817,258,1.05,1.01
648,Tuurtle,Brazil,['Bravos'],556,14708,230,1.02,1.01
649,Voltage,United States,['The Quest'],420,10848,509,1.08,1.01
650,Goofy,Poland,['Wisla Krakow'],914,24750,210,1.01,1.01
651,Crityourface,Poland,['PACT'],225,5968,159,1.04,1.01
652,FASHR,Netherlands,['Lyngby Vikings'],457,12007,108,1.01,1.01
653,vhz,Brazil,['Bulldozer'],165,4259,59,1.02,1.01
654,deco,Argentina,['Isurus'],265,7092,133,1.03,1.01
655,byali,Poland,['Virtus.pro'],1800,47209,1339,1.04,1.01
656,jedqr,Poland,['Wisla Krakow'],623,16923,449,1.04,1.01
657,Nille,Denmark,['Anexis'],177,4369,113,1.04,1.01
658,MRN1,Argentina,['River Plate'],145,3896,-36,0.99,1.01
659,SHOCK,Czech Republic,['Sinners'],467,12562,361,1.04,1.01
660,rAW,Latvia,['Wolsung'],100,2618,19,1.01,1.01
661,KStaar,Australia,['Conspiracy'],162,4207,183,1.07,1.01
662,desi,United States,['Winterfox'],430,10986,99,1.01,1.01
663,333ed2k,China,['Born Of Fire'],198,5012,30,1.01,1.01
664,reatz,Poland,['PRIDE'],1406,37757,808,1.03,1.01
665,NOFEAR,Hungary,['Rock'],132,3432,77,1.03,1.01
666,Nodios,Denmark,['Copenhagen Flames'],650,17405,469,1.04,1.01
667,HUGHMUNGUS,Australia,['Chiefs'],719,18584,453,1.04,1.01
668,Tio,Chile,['Hafnet'],232,6076,239,1.06,1.01
669,GruBy,Poland,['AGO'],1558,41368,687,1.02,1.01
670,just9n,United States,['Method'],236,6213,82,1.02,1.01
671,kreaz,Sweden,['Apeks'],501,13263,379,1.04,1.01
672,Maikelele,Sweden,['NoChance'],1067,28134,945,1.05,1.01
673,mitch,United States,['Selfless'],807,20719,632,1.05,1.01
674,tiburci0,Brazil,['DETONA'],362,9487,412,1.07,1.01
675,oKKo,Czech Republic,['eSuba'],121,3118,0,1.0,1.01
676,HackeM,South Africa,['Sinister5'],106,2733,90,1.05,1.01
677,mirbit,Germany,['ALTERNATE aTTaX'],857,22933,977,1.07,1.01
678,xCeeD,United States,['The Quest'],311,8089,116,1.02,1.01
679,rilax,Netherlands,['Lyngby Vikings'],289,7713,172,1.03,1.01
680,Noobster,Australia,['Ground Zero'],496,12790,203,1.02,1.01
681,notaN,Denmark,['Singularity'],243,6456,69,1.02,1.01
682,tatazin,Brazil,['paiN'],730,19147,913,1.08,1.01
683,gump,Australia,['Chiefs'],156,4134,98,1.04,1.01
684,battery,Canada,['Swedish Canadians'],106,2846,50,1.03,1.01
685,stonde,Finland,['ENCE'],219,5665,198,1.06,1.01
686,Lucaozy,Brazil,['Sharks'],304,8176,220,1.04,1.01
687,PlesseN,Sweden,['Galaxy Racer'],1088,29117,134,1.01,1.01
688,Viva,China,['Invictus'],581,15407,458,1.05,1.01
689,TRAVIS,Russia,['1WIN'],301,7917,97,1.02,1.01
690,bubble,Bulgaria,['Windigo'],1923,50230,1596,1.05,1.01
691,ckay,Denmark,['Ambush'],101,2724,24,1.01,1.01
692,delboNi,Brazil,['Imperial'],447,11520,227,1.03,1.01
693,byr9,Ukraine,['EC Kyiv'],137,3651,37,1.01,1.01
694,tweiss,United States,['Recon 5'],323,8583,8,1.0,1.01
695,pan1K,Australia,['Ground Zero'],325,8476,43,1.01,1.01
696,cENTRYZ,Norway,['Temp.no'],162,4221,131,1.05,1.01
697,MAKKA,United States,['RONIN'],240,6369,136,1.03,1.01
698,Butters,Lithuania,['GameplayDNA'],242,6193,45,1.01,1.01
699,sutecas,Brazil,['INTZ'],116,3068,36,1.02,1.01
700,nJ,Romania,['Nexus'],132,3372,28,1.01,1.01
701,Friis,Denmark,['SK'],938,24254,747,1.05,1.01
702,dazzLe,United States,['eUnited'],690,17971,-8,1.0,1.01
703,MINISE,Poland,['PACT'],1794,47820,711,1.02,1.01
704,Spitfire,Sweden,['Acer'],212,5599,78,1.02,1.01
705,Tsogoo,Mongolia,['Mazaalai'],458,11694,170,1.02,1.01
706,rate,Mongolia,['Renewal'],241,6311,78,1.02,1.01
707,kalinka,Lithuania,['HellRaisers'],855,22891,157,1.01,1.01
708,obj,Portugal,['eXploit'],377,9916,348,1.06,1.01
709,Jinxx,Australia,['Genuine'],400,10511,283,1.04,1.01
710,hiji,Russia,['WINside'],143,3735,66,1.03,1.01
711,to1nou,Belgium,['LDLC'],850,22377,520,1.04,1.01
712,Kas9k,Russia,['DreamEaters'],137,3670,87,1.04,1.01
713,DickStacy,Australia,['Grayhound'],624,15708,346,1.03,1.01
714,innocent,Poland,['Anonymo'],1599,42011,621,1.02,1.01
715,rtA,Denmark,['Fragsters'],222,5793,149,1.04,1.01
716,kioShiMa,France,['Envy'],1494,39222,1293,1.05,1.01
717,DESPE,Turkey,['Space Soldiers'],468,12127,320,1.04,1.01
718,kamil,Poland,['PRIDE'],227,5987,-98,0.98,1.01
719,j3kie,Ukraine,['Akuma'],114,2983,10,1.0,1.01
720,speed4k,Russia,['DreamEaters'],766,20555,569,1.04,1.01
721,grux,Sweden,['Red Reserve'],349,9303,152,1.02,1.01
722,HexT,Canada,['RBG'],261,6899,63,1.01,1.01
723,FugLy,United States,['NRG'],1083,28153,621,1.03,1.01
724,emagine,Australia,['ORDER'],751,18931,487,1.04,1.01
725,813,China,['Aster'],156,3937,-4,1.0,1.01
726,Nifty,United States,['Renegades'],865,22686,310,1.02,1.01
727,RaZ,New Zealand,['Animal Squad'],338,8686,96,1.02,1.01
728,SZPERO,Poland,['Wisla Krakow'],1864,49189,1082,1.03,1.01
729,shokz,Estonia,['Movistar Riders'],412,10972,112,1.02,1.01
730,DeathZz,Spain,['Movistar Riders'],359,9627,151,1.02,1.01
731,Stevie,China,['5POWER'],158,4111,-9,1.0,1.01
732,nitr0,United States,['Liquid'],1323,34476,676,1.03,1.00
733,SasuKe,Turkey,['DarkPassage'],314,8227,-32,0.99,1.00
734,weber,United Kingdom,['FMESPORTS'],243,6254,114,1.03,1.00
735,LeoGOD,Brazil,['C4'],243,6383,74,1.02,1.00
736,Ayeon,China,['Flash'],126,3218,-9,1.0,1.00
737,Pechyn,Czech Republic,['eSuba'],124,3307,30,1.01,1.00
738,Doom,Australia,['PC419'],148,3845,-54,0.98,1.00
739,pounh,Lithuania,['Playing Ducks'],401,10552,91,1.01,1.00
740,mikeS,Netherlands,['PENTA'],306,8077,183,1.04,1.00
741,adrnking,Indonesia,['BTRG'],111,2898,40,1.02,1.00
742,zqkS,Brazil,['Imperial'],683,17600,616,1.06,1.00
743,JonahP,Canada,['Final Feature'],236,6098,10,1.0,1.00
744,abr,Brazil,['Keyd'],167,4349,51,1.02,1.00
745,b0denmaster,Sweden,['Lilmix'],377,10110,170,1.03,1.00
"746,SP1NT,Russia,[""""eL'quvet""""],150,4007,39,1.01,1.00"
747,veta,Thailand,['Beyond'],261,6593,115,1.03,1.00
748,rooRoooo,United States,['Splyce'],149,3752,-36,0.99,1.00
749,lukjjE,Lithuania,['Playing Ducks'],285,7451,144,1.03,1.00
750,truth,Norway,['Apeks'],426,11400,109,1.01,1.00
751,realziN,Brazil,['Sharks'],455,11941,195,1.02,1.00
752,ShoT_UP,United States,['BLITZKRIEG'],183,4934,-17,1.0,1.00
753,mOkEn,Sweden,['Epsilon'],139,3617,89,1.04,1.00
754,dsr,Canada,['subtLe'],212,5438,6,1.0,1.00
755,Relyks,United States,['eUnited'],832,21258,161,1.01,1.00
756,raalz,Denmark,['Lyngby Vikings'],703,18926,124,1.01,1.00
757,REFLEX,Finland,['HAVU'],307,7807,119,1.02,1.00
758,tricky,Russia,['Trident'],261,6839,111,1.02,1.00
759,Carcass,Lithuania,['1337HUANIA'],223,5736,29,1.01,1.00
760,Andkilde,Denmark,['Copenhagen Flames'],145,3672,47,1.02,1.00
761,fenvicious,Russia,['Unique'],729,19059,141,1.01,1.00
762,curry,United States,['Triumph'],258,6792,-44,0.99,1.00
763,Djoko,France,['DBL PONEY'],268,6973,43,1.01,1.00
764,R0b3n,Latvia,['Unique'],525,13824,246,1.03,1.00
765,knight,Brazil,['TShow'],121,3200,7,1.0,1.00
766,mch,Brazil,['TeamOne'],352,9046,300,1.05,1.00
767,glace,Denmark,['North Academy'],589,15307,366,1.04,1.00
768,Whindanski,United Kingdom,['exceL'],131,3369,32,1.01,1.00
769,Oderus,United States,['Spacestation'],473,12356,-52,0.99,1.00
770,almazer,Russia,['forZe'],1268,34119,623,1.03,1.00
771,Meddo,Sweden,['fnatic Academy'],151,3901,106,1.04,1.00
772,1uke,Russia,['Spirit Academy'],623,16179,223,1.02,1.00
773,DaneJoris,United States,['Third Impact'],193,4993,36,1.01,1.00
774,Edward,Ukraine,['Natus Vincere'],1473,38787,689,1.03,1.00
775,ableJ,Brazil,['FURIA'],372,9544,299,1.05,1.00
776,dzt,Brazil,['Imperial'],665,17229,169,1.01,1.00
777,Straka,Argentina,['Isurus'],315,7959,-10,1.0,1.00
778,kenzor,Ukraine,['pro100'],596,15585,70,1.01,1.00
779,reversive,Argentina,['Isurus'],547,14267,222,1.02,1.00
780,ImpressioN,Singapore,['BOOT-d[S]'],614,15862,93,1.01,1.00
781,bnwGiggs,Thailand,['Signature'],355,9111,-41,0.99,1.00
782,k1Ng0r,Serbia,['RESISTANCE'],358,9126,56,1.01,1.00
783,LATINOBOMBEN,Denmark,['Great Danes'],119,3129,-20,0.99,1.00
784,ALLE,Brazil,['Havan Liberty'],302,7966,85,1.02,1.00
785,jitter,United States,['Secret Club'],163,4314,-26,0.99,1.00
786,supra,Estonia,['Gambit Youngsters'],501,13473,85,1.01,1.00
787,hazed,United States,['CLG'],736,19138,-81,0.99,1.00
788,dOBRIY,Belarus,['GoodJob'],203,5323,46,1.01,1.00
789,waterfaLLZ,Russia,['Quantum Bellator Fire'],789,20704,110,1.01,1.00
790,Wolffe,United States,['RBG'],144,3888,32,1.01,1.00
791,cbbk,Thailand,['Lucid Dream'],404,10342,163,1.02,1.00
792,RoLEX,Thailand,['Signature'],490,12554,37,1.0,1.00
793,KILLDREAM,Portugal,['AlienTech'],429,11159,-16,1.0,1.00
794,xiaosaGe,China,['5POWER'],835,22018,18,1.0,1.00
795,HEAP,Sweden,['Dignitas'],208,5664,45,1.01,1.00
796,wizard,Australia,['Kings'],260,6628,30,1.01,1.00
797,Basso,Denmark,['Copenhagen Flames'],582,15218,265,1.03,1.00
798,hyskeee,Latvia,['Wolsung'],177,4556,127,1.04,1.00
799,zeff,Korea,['MVP PK'],482,12229,54,1.01,1.00
800,thamlike,Denmark,['Lyngby Vikings'],170,4538,124,1.04,1.00
801,alter,United States,['Bad News Bears'],274,7211,-62,0.99,1.00
802,mds,Belarus,['Nemiga'],1083,28961,475,1.02,1.00
803,mopoz,Spain,['Movistar Riders'],984,26150,-15,1.0,1.00
804,cromen,Norway,['Nordavind'],653,17335,67,1.01,1.00
805,adreN,United States,['Liquid'],697,18241,380,1.03,1.00
806,AaroN,United Kingdom,['Infused'],142,3698,-8,1.0,1.00
807,MODDII,Sweden,['Heroic'],1169,30527,408,1.02,1.00
808,void,Australia,['Ground Zero'],437,11368,127,1.02,1.00
809,pyth,Sweden,['NIP'],756,19801,-5,1.0,1.00
